﻿# ID(s) interactor A,ID(s) interactor B,Alt. ID(s) interactor A,Alt. ID(s) interactor B,Alias(es) interactor A,Alias(es) interactor B,Interaction detection method(s),Publication 1st author(s),Publication Identifier(s),Taxid interactor A,Taxid interactor B,Interaction type(s),Source database(s),Interaction identifier(s),Confidence value(s)
uniprotkb:Q9LDR3,uniprotkb:O65282,uniprotkb:Q9LDR3|intact:EBI-4429710|ensemblplants:AT3G15420.1|uniprotkb:A0A178VHK3,uniprotkb:Q9TNN2|ensemblplants:AT5G20720.1|ensemblplants:AT5G20720.2|ensemblplants:AT5G20720.3|ensemblplants:AT5G20720.4|intact:EBI-4435709|uniprotkb:O65282,psi-mi:q9ldr3_arath(display_short)|uniprotkb:MJK13.8(gene name)|uniprotkb:At3g15420(locus name)|IntAct:AT3G15420(author assigned name),"psi-mi:ch20_arath(display_short)|psi-mi:20 kDa chaperonin, chloroplastic(display_long)|uniprotkb:CPN20(gene name)|uniprotkb:At5g20720(locus name)|uniprotkb:T1M15.120(orf name)|uniprotkb:CHCPN10(gene name synonym)|uniprotkb:CPN21(gene name synonym)|uniprotkb:Chaperonin 10(gene name synonym)|uniprotkb:Chaperonin 20(gene name synonym)|uniprotkb:Protein Cpn21(gene name synonym)|IntAct:AT5G20720(author assigned name)","psi-mi:""MI:0397""(two hybrid array)",Arabidopsis Consortium. et al.(2011),intact:EBI-4479889|pubmed:21798944|imex:IM-16043,"taxid:3702(arath)|taxid:3702(""Arabidopsis thaliana (Mouse-ear cress)"")","taxid:3702(arath)|taxid:3702(""Arabidopsis thaliana (Mouse-ear cress)"")","psi-mi:""MI:0915""(physical association)","psi-mi:""MI:0469""(European Bioinformatics Institute)",intact:EBI-4518328|imex:IM-16043-4541,intact-miscore:0.37
uniprotkb:P21276,uniprotkb:O65282,uniprotkb:Q9FE21|uniprotkb:Q9SW16|ensemblplants:AT4G25100.3|ensemblplants:AT4G25100.5|ensemblplants:AT4G25100.1|ensemblplants:AT4G25100.2|intact:EBI-4466816|uniprotkb:P21276,uniprotkb:Q9TNN2|ensemblplants:AT5G20720.1|ensemblplants:AT5G20720.2|ensemblplants:AT5G20720.3|ensemblplants:AT5G20720.4|intact:EBI-4435709|uniprotkb:O65282,"psi-mi:sodf1_arath(display_short)|psi-mi:Superoxide dismutase [Fe] 1, chloroplastic(display_long)|uniprotkb:Protein FE SUPEROXIDE DISMUTASE 1(gene name synonym)|uniprotkb:SODB(gene name synonym)|uniprotkb:F13M23.240(orf name)|uniprotkb:At4g25100(locus name)|uniprotkb:FSD1(gene name)","psi-mi:ch20_arath(display_short)|psi-mi:20 kDa chaperonin, chloroplastic(display_long)|uniprotkb:CPN20(gene name)|uniprotkb:At5g20720(locus name)|uniprotkb:T1M15.120(orf name)|uniprotkb:CHCPN10(gene name synonym)|uniprotkb:CPN21(gene name synonym)|uniprotkb:Chaperonin 10(gene name synonym)|uniprotkb:Chaperonin 20(gene name synonym)|uniprotkb:Protein Cpn21(gene name synonym)","psi-mi:""MI:0018""(two hybrid)",Kuo W.Y. et al.(2013),intact:EBI-6464800|pubmed:23057508|imex:IM-18579,"taxid:3702(arath)|taxid:3702(""Arabidopsis thaliana (Mouse-ear cress)"")","taxid:3702(arath)|taxid:3702(""Arabidopsis thaliana (Mouse-ear cress)"")","psi-mi:""MI:0915""(physical association)","psi-mi:""MI:0486""(UniProt)",intact:EBI-6464817|imex:IM-18579-1,intact-miscore:0.45
uniprotkb:P21276,uniprotkb:O65282,uniprotkb:Q9FE21|uniprotkb:Q9SW16|ensemblplants:AT4G25100.3|ensemblplants:AT4G25100.5|ensemblplants:AT4G25100.1|ensemblplants:AT4G25100.2|intact:EBI-4466816|uniprotkb:P21276,uniprotkb:Q9TNN2|ensemblplants:AT5G20720.1|ensemblplants:AT5G20720.2|ensemblplants:AT5G20720.3|ensemblplants:AT5G20720.4|intact:EBI-4435709|uniprotkb:O65282,"psi-mi:sodf1_arath(display_short)|psi-mi:Superoxide dismutase [Fe] 1, chloroplastic(display_long)|uniprotkb:Protein FE SUPEROXIDE DISMUTASE 1(gene name synonym)|uniprotkb:SODB(gene name synonym)|uniprotkb:F13M23.240(orf name)|uniprotkb:At4g25100(locus name)|uniprotkb:FSD1(gene name)","psi-mi:ch20_arath(display_short)|psi-mi:20 kDa chaperonin, chloroplastic(display_long)|uniprotkb:CPN20(gene name)|uniprotkb:At5g20720(locus name)|uniprotkb:T1M15.120(orf name)|uniprotkb:CHCPN10(gene name synonym)|uniprotkb:CPN21(gene name synonym)|uniprotkb:Chaperonin 10(gene name synonym)|uniprotkb:Chaperonin 20(gene name synonym)|uniprotkb:Protein Cpn21(gene name synonym)","psi-mi:""MI:0055""(fluorescent resonance energy transfer)",Kuo W.Y. et al.(2013),intact:EBI-6464800|pubmed:23057508|imex:IM-18579,"taxid:3702(arath)|taxid:3702(""Arabidopsis thaliana (Mouse-ear cress)"")","taxid:3702(arath)|taxid:3702(""Arabidopsis thaliana (Mouse-ear cress)"")","psi-mi:""MI:2364""(proximity)","psi-mi:""MI:0486""(UniProt)",intact:EBI-6464828|imex:IM-18579-2,intact-miscore:0.45
uniprotkb:Q9FWY7,uniprotkb:O65282,ensemblplants:AT1G02690.1|intact:EBI-4431755|uniprotkb:Q9FWY7,uniprotkb:Q9TNN2|ensemblplants:AT5G20720.1|ensemblplants:AT5G20720.2|ensemblplants:AT5G20720.3|ensemblplants:AT5G20720.4|intact:EBI-4435709|uniprotkb:O65282,psi-mi:impa6_arath(display_short)|psi-mi:Importin subunit alpha-6(display_long)|uniprotkb:T14P4.3(orf name)|uniprotkb:At1g02690(locus name)|uniprotkb:IMPA6(gene name)|IntAct:AT1G02690(author assigned name),"psi-mi:ch20_arath(display_short)|psi-mi:20 kDa chaperonin, chloroplastic(display_long)|uniprotkb:CPN20(gene name)|uniprotkb:At5g20720(locus name)|uniprotkb:T1M15.120(orf name)|uniprotkb:CHCPN10(gene name synonym)|uniprotkb:CPN21(gene name synonym)|uniprotkb:Chaperonin 10(gene name synonym)|uniprotkb:Chaperonin 20(gene name synonym)|uniprotkb:Protein Cpn21(gene name synonym)|IntAct:AT5G20720(author assigned name)","psi-mi:""MI:0397""(two hybrid array)",Arabidopsis Consortium. et al.(2011),intact:EBI-4479889|pubmed:21798944|imex:IM-16043,"taxid:3702(arath)|taxid:3702(""Arabidopsis thaliana (Mouse-ear cress)"")","taxid:3702(arath)|taxid:3702(""Arabidopsis thaliana (Mouse-ear cress)"")","psi-mi:""MI:0915""(physical association)","psi-mi:""MI:0469""(European Bioinformatics Institute)",intact:EBI-4517264|imex:IM-16043-4408,intact-miscore:0.37
uniprotkb:Q9M8U1,uniprotkb:O65282,ensemblplants:AT3G03000.1|intact:EBI-4433639|uniprotkb:Q9M8U1,uniprotkb:Q9TNN2|ensemblplants:AT5G20720.1|ensemblplants:AT5G20720.2|ensemblplants:AT5G20720.3|ensemblplants:AT5G20720.4|intact:EBI-4435709|uniprotkb:O65282,psi-mi:cml18_arath(display_short)|psi-mi:Probable calcium-binding protein CML18(display_long)|uniprotkb:CAM15(gene name synonym)|uniprotkb:Calmodulin-15(gene name synonym)|uniprotkb:Calmodulin-like protein 18(gene name synonym)|uniprotkb:F13E7.5(orf name)|uniprotkb:At3g03000(locus name)|uniprotkb:CML18(gene name)|IntAct:AT3G03000(author assigned name),"psi-mi:ch20_arath(display_short)|psi-mi:20 kDa chaperonin, chloroplastic(display_long)|uniprotkb:CPN20(gene name)|uniprotkb:At5g20720(locus name)|uniprotkb:T1M15.120(orf name)|uniprotkb:CHCPN10(gene name synonym)|uniprotkb:CPN21(gene name synonym)|uniprotkb:Chaperonin 10(gene name synonym)|uniprotkb:Chaperonin 20(gene name synonym)|uniprotkb:Protein Cpn21(gene name synonym)|IntAct:AT5G20720(author assigned name)","psi-mi:""MI:0397""(two hybrid array)",Arabidopsis Consortium. et al.(2011),intact:EBI-4479889|pubmed:21798944|imex:IM-16043,"taxid:3702(arath)|taxid:3702(""Arabidopsis thaliana (Mouse-ear cress)"")","taxid:3702(arath)|taxid:3702(""Arabidopsis thaliana (Mouse-ear cress)"")","psi-mi:""MI:0915""(physical association)","psi-mi:""MI:0469""(European Bioinformatics Institute)",intact:EBI-4525056|imex:IM-16043-5382,intact-miscore:0.37
uniprotkb:O65282,uniprotkb:Q96321,uniprotkb:Q9TNN2|ensemblplants:AT5G20720.1|ensemblplants:AT5G20720.2|ensemblplants:AT5G20720.3|ensemblplants:AT5G20720.4|intact:EBI-4435709|uniprotkb:O65282,uniprotkb:O49599|uniprotkb:O81520|uniprotkb:Q940R6|uniprotkb:Q9C841|uniprotkb:Q9ZRI5|ensemblplants:AT3G06720.1|ensemblplants:AT3G06720.2|intact:EBI-2131458|uniprotkb:Q96321,"psi-mi:ch20_arath(display_short)|psi-mi:20 kDa chaperonin, chloroplastic(display_long)|uniprotkb:CPN20(gene name)|uniprotkb:At5g20720(locus name)|uniprotkb:T1M15.120(orf name)|uniprotkb:CHCPN10(gene name synonym)|uniprotkb:CPN21(gene name synonym)|uniprotkb:Chaperonin 10(gene name synonym)|uniprotkb:Chaperonin 20(gene name synonym)|uniprotkb:Protein Cpn21(gene name synonym)|IntAct:AT5G20720(author assigned name)",psi-mi:impa1_arath(display_short)|psi-mi:Importin subunit alpha-1(display_long)|uniprotkb:KAP1(gene name synonym)|uniprotkb:Karyopherin subunit alpha-1(gene name synonym)|uniprotkb:F3E22.14(orf name)|uniprotkb:T8E24.1(orf name)|uniprotkb:At3g06720(locus name)|uniprotkb:IMPA1(gene name)|IntAct:AT3G06720(author assigned name),"psi-mi:""MI:0397""(two hybrid array)",Arabidopsis Consortium. et al.(2011),intact:EBI-4479889|pubmed:21798944|imex:IM-16043,"taxid:3702(arath)|taxid:3702(""Arabidopsis thaliana (Mouse-ear cress)"")","taxid:3702(arath)|taxid:3702(""Arabidopsis thaliana (Mouse-ear cress)"")","psi-mi:""MI:0915""(physical association)","psi-mi:""MI:0469""(European Bioinformatics Institute)",intact:EBI-4510568|imex:IM-16043-3571,intact-miscore:0.37