﻿# ID(s) interactor A,ID(s) interactor B,Alt. ID(s) interactor A,Alt. ID(s) interactor B,Alias(es) interactor A,Alias(es) interactor B,Interaction detection method(s),Publication 1st author(s),Publication Identifier(s),Taxid interactor A,Taxid interactor B,Interaction type(s),Source database(s),Interaction identifier(s),Confidence value(s)
uniprotkb:Q9ZW31,uniprotkb:P00346,uniprotkb:Q9ZW31|intact:EBI-7898104|ensemblplants:AT2G29500.1|intact:MINT-8375237,uniprotkb:P00346|intact:EBI-905520|uniprotkb:Q95308,psi-mi:hs17b_arath(display_short)|psi-mi:17.6 kDa class I heat shock protein 2(display_long)|uniprotkb:HSP17.6B(gene name)|uniprotkb:At2g29500(locus name)|uniprotkb:F16P2.12(orf name)|uniprotkb:17.6 kDa heat shock protein 2(gene name synonym)|MINT:HSP17.6B(author assigned name),"psi-mi:mdhm_pig(display_short)|psi-mi:Malate dehydrogenase, mitochondrial(display_long)|uniprotkb:MDH2(gene name)|MINT:Mdh(author assigned name)","psi-mi:""MI:0071""(molecular sieving)",Eisenhardt BD. et al.(2012),intact:EBI-7898029|mint:MINT-8375039|mint:MINT-8375037|pubmed:22641032,"taxid:3702(arath)|taxid:3702(""Arabidopsis thaliana (Mouse-ear cress)"")","taxid:9823(pig)|taxid:9823(""Sus scrofa (Pig)"")","psi-mi:""MI:0407""(direct interaction)","psi-mi:""MI:0471""(MINT, Dpt of Biology, University of Rome Tor Vergata)",intact:EBI-7898099|mint:MINT-8375479,intact-miscore:0.44
uniprotkb:Q55168,uniprotkb:Q9ZW31,intact:EBI-1608452|ensemblbacteria:BAA10307|intact:EBI-594457|uniprotkb:Q55168,uniprotkb:Q9ZW31|intact:EBI-7898104|ensemblplants:AT2G29500.1|intact:MINT-8375237,psi-mi:phy1_syny3(display_short)|psi-mi:Phytochrome-like protein Cph1(display_long)|uniprotkb:Light-regulated histidine kinase 1(gene name synonym)|uniprotkb:slr0473(locus name)|uniprotkb:Bacteriophytochrome Cph1(gene name synonym)|uniprotkb:cph1(gene name)|MINT:CPH1&#916;2(author assigned name),psi-mi:hs17b_arath(display_short)|psi-mi:17.6 kDa class I heat shock protein 2(display_long)|uniprotkb:HSP17.6B(gene name)|uniprotkb:At2g29500(locus name)|uniprotkb:F16P2.12(orf name)|uniprotkb:17.6 kDa heat shock protein 2(gene name synonym)|MINT:HSP17.6(author assigned name),"psi-mi:""MI:0071""(molecular sieving)",Eisenhardt BD. et al.(2012),intact:EBI-7898029|mint:MINT-8375039|mint:MINT-8375037|pubmed:22641032,"taxid:1111708(syny3)|taxid:1111708(""Synechocystis sp. (strain PCC 6803 / Kazusa)"")","taxid:3702(arath)|taxid:3702(""Arabidopsis thaliana (Mouse-ear cress)"")","psi-mi:""MI:0407""(direct interaction)","psi-mi:""MI:0471""(MINT, Dpt of Biology, University of Rome Tor Vergata)",intact:EBI-7898127|mint:MINT-8375488,intact-miscore:0.44
,,,,,,,,,,,,,,
# ID(s) interactor A,ID(s) interactor B,Alt. ID(s) interactor A,Alt. ID(s) interactor B,Alias(es) interactor A,Alias(es) interactor B,Interaction detection method(s),Publication 1st author(s),Publication Identifier(s),Taxid interactor A,Taxid interactor B,Interaction type(s),Source database(s),Interaction identifier(s),Confidence value(s)
uniprotkb:Q01525,uniprotkb:P42730,ensemblplants:AT1G78300.1|intact:EBI-637502|uniprotkb:Q01525,uniprotkb:P42730|intact:EBI-2355905|ensemblplants:AT1G74310.1|uniprotkb:Q9LE57|uniprotkb:Q8W4F2,psi-mi:14332_arath(display_short)|psi-mi:14-3-3-like protein GF14 omega(display_long)|uniprotkb:GF14(gene name synonym)|uniprotkb:At1g78300(locus name)|uniprotkb:F3F9.16(orf name)|uniprotkb:General regulatory factor 2(gene name synonym)|uniprotkb:GRF2(gene name),psi-mi:clpb1_arath(display_short)|psi-mi:Chaperone protein ClpB1(display_long)|uniprotkb:clpB1(gene name)|uniprotkb:At1g74310(locus name)|uniprotkb:F1O17.2(orf name)|uniprotkb:Protein DEFECTIVE IN LONG-TERM ACQUIRED THERMOTOLERANCE(gene name synonym)|uniprotkb:DLT1(gene name synonym)|uniprotkb:Heat shock protein 101(gene name synonym)|uniprotkb:Casein lytic proteinase B1(gene name synonym)|uniprotkb:ATP-dependent Clp protease ATP-binding subunit ClpB homolog 1(gene name synonym)|uniprotkb:HSP101(gene name synonym)|uniprotkb:HOT1(gene name synonym),"psi-mi:""MI:0676""(tandem affinity purification)",Chang IF. et al.(2009),intact:EBI-2431051|pubmed:19452453|imex:IM-12186,"taxid:3702(arath)|taxid:3702(""Arabidopsis thaliana (Mouse-ear cress)"")","taxid:3702(arath)|taxid:3702(""Arabidopsis thaliana (Mouse-ear cress)"")","psi-mi:""MI:0914""(association)","psi-mi:""MI:0469""(European Bioinformatics Institute)",intact:EBI-2355182|imex:IM-12186-1,intact-miscore:0.35