﻿# ID(s) interactor A,ID(s) interactor B,Alt. ID(s) interactor A,Alt. ID(s) interactor B,Alias(es) interactor A,Alias(es) interactor B,Interaction detection method(s),Publication 1st author(s),Publication Identifier(s),Taxid interactor A,Taxid interactor B,Interaction type(s),Source database(s),Interaction identifier(s),Confidence value(s)
uniprotkb:Q9LK09,uniprotkb:Q9STX5,ensemblplants:AT3G24350.1|intact:EBI-9161785|uniprotkb:Q9LK09,uniprotkb:Q8VY71|uniprotkb:Q56Y38|uniprotkb:O22972|ensemblplants:AT4G24190.1|intact:EBI-9160701|uniprotkb:Q9STX5,psi-mi:syp32_arath(display_short)|psi-mi:Syntaxin-32(display_long)|uniprotkb:K7M2.13(orf name)|uniprotkb:At3g24350(locus name)|uniprotkb:SYP32(gene name)|IntAct:SYP32(author assigned name),psi-mi:enpl_arath(display_short)|psi-mi:Endoplasmin homolog(display_long)|uniprotkb:Glucose-regulated protein 94 homolog(gene name synonym)|uniprotkb:Heat shock protein 90-7(gene name synonym)|uniprotkb:Protein SHEPHERD(gene name synonym)|uniprotkb:SHD(gene name synonym)|uniprotkb:T19F6.1(orf name)|uniprotkb:T22A6.20(orf name)|uniprotkb:At4g24190(locus name)|uniprotkb:HSP90-7(gene name),"psi-mi:""MI:0007""(anti tag coimmunoprecipitation)",Fujiwara M. et al.(2014),intact:EBI-9119949|pubmed:24556609|imex:IM-22071,"taxid:3702(arath)|taxid:3702(""Arabidopsis thaliana (Mouse-ear cress)"")","taxid:3702(arath)|taxid:3702(""Arabidopsis thaliana (Mouse-ear cress)"")","psi-mi:""MI:0914""(association)","psi-mi:""MI:0469""(European Bioinformatics Institute)",intact:EBI-9161847|imex:IM-22071-7,intact-miscore:0.35
uniprotkb:Q8VZU2,uniprotkb:Q9STX5,uniprotkb:Q9LEZ8|ensemblplants:AT5G08080.1|ensemblplants:AT5G08080.4|intact:EBI-4460964|uniprotkb:Q8VZU2,uniprotkb:Q8VY71|uniprotkb:Q56Y38|uniprotkb:O22972|ensemblplants:AT4G24190.1|intact:EBI-9160701|uniprotkb:Q9STX5,psi-mi:sy132_arath(display_short)|psi-mi:Syntaxin-132(display_long)|uniprotkb:T22D6.20(orf name)|uniprotkb:At5g08080(locus name)|uniprotkb:SYP132(gene name)|IntAct:SYP132(author assigned name),psi-mi:enpl_arath(display_short)|psi-mi:Endoplasmin homolog(display_long)|uniprotkb:Glucose-regulated protein 94 homolog(gene name synonym)|uniprotkb:Heat shock protein 90-7(gene name synonym)|uniprotkb:Protein SHEPHERD(gene name synonym)|uniprotkb:SHD(gene name synonym)|uniprotkb:T19F6.1(orf name)|uniprotkb:T22A6.20(orf name)|uniprotkb:At4g24190(locus name)|uniprotkb:HSP90-7(gene name),"psi-mi:""MI:0007""(anti tag coimmunoprecipitation)",Fujiwara M. et al.(2014),intact:EBI-9119949|pubmed:24556609|imex:IM-22071,"taxid:3702(arath)|taxid:3702(""Arabidopsis thaliana (Mouse-ear cress)"")","taxid:3702(arath)|taxid:3702(""Arabidopsis thaliana (Mouse-ear cress)"")","psi-mi:""MI:0914""(association)","psi-mi:""MI:0469""(European Bioinformatics Institute)",intact:EBI-9161425|imex:IM-22071-5,intact-miscore:0.35
uniprotkb:Q9FFK1,uniprotkb:Q9STX5,uniprotkb:O65099|ensemblplants:AT5G05760.1|intact:EBI-4434817|uniprotkb:Q9FFK1,uniprotkb:Q8VY71|uniprotkb:Q56Y38|uniprotkb:O22972|ensemblplants:AT4G24190.1|intact:EBI-9160701|uniprotkb:Q9STX5,psi-mi:syp31_arath(display_short)|psi-mi:Syntaxin-31(display_long)|uniprotkb:MJJ3.17(orf name)|uniprotkb:At5g05760(locus name)|uniprotkb:SYP31(gene name)|IntAct:SYP31(author assigned name),psi-mi:enpl_arath(display_short)|psi-mi:Endoplasmin homolog(display_long)|uniprotkb:Glucose-regulated protein 94 homolog(gene name synonym)|uniprotkb:Heat shock protein 90-7(gene name synonym)|uniprotkb:Protein SHEPHERD(gene name synonym)|uniprotkb:SHD(gene name synonym)|uniprotkb:T19F6.1(orf name)|uniprotkb:T22A6.20(orf name)|uniprotkb:At4g24190(locus name)|uniprotkb:HSP90-7(gene name),"psi-mi:""MI:0007""(anti tag coimmunoprecipitation)",Fujiwara M. et al.(2014),intact:EBI-9119949|pubmed:24556609|imex:IM-22071,"taxid:3702(arath)|taxid:3702(""Arabidopsis thaliana (Mouse-ear cress)"")","taxid:3702(arath)|taxid:3702(""Arabidopsis thaliana (Mouse-ear cress)"")","psi-mi:""MI:0914""(association)","psi-mi:""MI:0469""(European Bioinformatics Institute)",intact:EBI-9161636|imex:IM-22071-6,intact-miscore:0.35
uniprotkb:O65359,uniprotkb:Q9STX5,uniprotkb:O04639|ensemblplants:AT5G26980.1|ensemblplants:AT5G26980.2|ensemblplants:AT5G26980.3|intact:EBI-1750331|uniprotkb:O65359,uniprotkb:Q8VY71|uniprotkb:Q56Y38|uniprotkb:O22972|ensemblplants:AT4G24190.1|intact:EBI-9160701|uniprotkb:Q9STX5,psi-mi:syp41_arath(display_short)|psi-mi:Tlg2p-like protein a(display_long)|uniprotkb:Syntaxin-41(gene name synonym)|uniprotkb:TLG2a(gene name synonym)|uniprotkb:F2P16.16(orf name)|uniprotkb:At5g26980(locus name)|uniprotkb:SYP41(gene name)|IntAct:SYP41(author assigned name),psi-mi:enpl_arath(display_short)|psi-mi:Endoplasmin homolog(display_long)|uniprotkb:Glucose-regulated protein 94 homolog(gene name synonym)|uniprotkb:Heat shock protein 90-7(gene name synonym)|uniprotkb:Protein SHEPHERD(gene name synonym)|uniprotkb:SHD(gene name synonym)|uniprotkb:T19F6.1(orf name)|uniprotkb:T22A6.20(orf name)|uniprotkb:At4g24190(locus name)|uniprotkb:HSP90-7(gene name),"psi-mi:""MI:0007""(anti tag coimmunoprecipitation)",Fujiwara M. et al.(2014),intact:EBI-9119949|pubmed:24556609|imex:IM-22071,"taxid:3702(arath)|taxid:3702(""Arabidopsis thaliana (Mouse-ear cress)"")","taxid:3702(arath)|taxid:3702(""Arabidopsis thaliana (Mouse-ear cress)"")","psi-mi:""MI:0914""(association)","psi-mi:""MI:0469""(European Bioinformatics Institute)",intact:EBI-9160689|imex:IM-22071-1,intact-miscore:0.35
uniprotkb:P93654,uniprotkb:Q9STX5,ensemblplants:AT5G46860.1|intact:EBI-2352632|uniprotkb:P93654,uniprotkb:Q8VY71|uniprotkb:Q56Y38|uniprotkb:O22972|ensemblplants:AT4G24190.1|intact:EBI-9160701|uniprotkb:Q9STX5,psi-mi:syp22_arath(display_short)|psi-mi:Syntaxin-22(display_long)|uniprotkb:VAM3(gene name synonym)|uniprotkb:MSD23.9(orf name)|uniprotkb:At5g46860(locus name)|uniprotkb:Protein SHOOT GRAVITROPISM 3(gene name synonym)|uniprotkb:SGR3(gene name synonym)|uniprotkb:SYP22(gene name)|IntAct:SYP22(author assigned name),psi-mi:enpl_arath(display_short)|psi-mi:Endoplasmin homolog(display_long)|uniprotkb:Glucose-regulated protein 94 homolog(gene name synonym)|uniprotkb:Heat shock protein 90-7(gene name synonym)|uniprotkb:Protein SHEPHERD(gene name synonym)|uniprotkb:SHD(gene name synonym)|uniprotkb:T19F6.1(orf name)|uniprotkb:T22A6.20(orf name)|uniprotkb:At4g24190(locus name)|uniprotkb:HSP90-7(gene name),"psi-mi:""MI:0007""(anti tag coimmunoprecipitation)",Fujiwara M. et al.(2014),intact:EBI-9119949|pubmed:24556609|imex:IM-22071,"taxid:3702(arath)|taxid:3702(""Arabidopsis thaliana (Mouse-ear cress)"")","taxid:3702(arath)|taxid:3702(""Arabidopsis thaliana (Mouse-ear cress)"")","psi-mi:""MI:0914""(association)","psi-mi:""MI:0469""(European Bioinformatics Institute)",intact:EBI-9160860|imex:IM-22071-2,intact-miscore:0.35
uniprotkb:Q42374,uniprotkb:Q9STX5,uniprotkb:Q8VXY8|uniprotkb:Q9FRS8|ensemblplants:AT1G08560.1|intact:EBI-2117870|uniprotkb:Q42374,uniprotkb:Q8VY71|uniprotkb:Q56Y38|uniprotkb:O22972|ensemblplants:AT4G24190.1|intact:EBI-9160701|uniprotkb:Q9STX5,psi-mi:sy111_arath(display_short)|psi-mi:Syntaxin-related protein KNOLLE(display_long)|uniprotkb:SYP111(gene name synonym)|uniprotkb:Syntaxin-111(gene name synonym)|uniprotkb:F22O13.4(orf name)|uniprotkb:At1g08560(locus name)|uniprotkb:KN(gene name)|IntAct:SYP111(author assigned name),psi-mi:enpl_arath(display_short)|psi-mi:Endoplasmin homolog(display_long)|uniprotkb:Glucose-regulated protein 94 homolog(gene name synonym)|uniprotkb:Heat shock protein 90-7(gene name synonym)|uniprotkb:Protein SHEPHERD(gene name synonym)|uniprotkb:SHD(gene name synonym)|uniprotkb:T19F6.1(orf name)|uniprotkb:T22A6.20(orf name)|uniprotkb:At4g24190(locus name)|uniprotkb:HSP90-7(gene name),"psi-mi:""MI:0007""(anti tag coimmunoprecipitation)",Fujiwara M. et al.(2014),intact:EBI-9119949|pubmed:24556609|imex:IM-22071,"taxid:3702(arath)|taxid:3702(""Arabidopsis thaliana (Mouse-ear cress)"")","taxid:3702(arath)|taxid:3702(""Arabidopsis thaliana (Mouse-ear cress)"")","psi-mi:""MI:0914""(association)","psi-mi:""MI:0469""(European Bioinformatics Institute)",intact:EBI-9161337|imex:IM-22071-4,intact-miscore:0.35
uniprotkb:Q9SUJ1,uniprotkb:Q9STX5,uniprotkb:Q9M9X6|uniprotkb:Q8L7J6|ensemblplants:AT3G05710.2|intact:EBI-9160695|uniprotkb:Q9SUJ1,uniprotkb:Q8VY71|uniprotkb:Q56Y38|uniprotkb:O22972|ensemblplants:AT4G24190.1|intact:EBI-9160701|uniprotkb:Q9STX5,psi-mi:syp43_arath(display_short)|psi-mi:Syntaxin-43(display_long)|uniprotkb:F18C1.2(orf name)|uniprotkb:At3g05710(locus name)|uniprotkb:SYP43(gene name)|IntAct:SYP43(author assigned name),psi-mi:enpl_arath(display_short)|psi-mi:Endoplasmin homolog(display_long)|uniprotkb:Glucose-regulated protein 94 homolog(gene name synonym)|uniprotkb:Heat shock protein 90-7(gene name synonym)|uniprotkb:Protein SHEPHERD(gene name synonym)|uniprotkb:SHD(gene name synonym)|uniprotkb:T19F6.1(orf name)|uniprotkb:T22A6.20(orf name)|uniprotkb:At4g24190(locus name)|uniprotkb:HSP90-7(gene name),"psi-mi:""MI:0007""(anti tag coimmunoprecipitation)",Fujiwara M. et al.(2014),intact:EBI-9119949|pubmed:24556609|imex:IM-22071,"taxid:3702(arath)|taxid:3702(""Arabidopsis thaliana (Mouse-ear cress)"")","taxid:3702(arath)|taxid:3702(""Arabidopsis thaliana (Mouse-ear cress)"")","psi-mi:""MI:0914""(association)","psi-mi:""MI:0469""(European Bioinformatics Institute)",intact:EBI-9162148|imex:IM-22071-8,intact-miscore:0.35
uniprotkb:Q9SWH4,uniprotkb:Q9STX5,uniprotkb:O04258|uniprotkb:Q9SBD4|ensemblplants:AT4G02195.1|intact:EBI-1750405|uniprotkb:Q9SWH4,uniprotkb:Q8VY71|uniprotkb:Q56Y38|uniprotkb:O22972|ensemblplants:AT4G24190.1|intact:EBI-9160701|uniprotkb:Q9STX5,psi-mi:syp42_arath(display_short)|psi-mi:Syntaxin-42(display_long)|uniprotkb:TLG2b(gene name synonym)|uniprotkb:T10M13.19(orf name)|uniprotkb:T2H3.1(orf name)|uniprotkb:At4g02195(locus name)|uniprotkb:SYP42(gene name)|IntAct:SYP42(author assigned name),psi-mi:enpl_arath(display_short)|psi-mi:Endoplasmin homolog(display_long)|uniprotkb:Glucose-regulated protein 94 homolog(gene name synonym)|uniprotkb:Heat shock protein 90-7(gene name synonym)|uniprotkb:Protein SHEPHERD(gene name synonym)|uniprotkb:SHD(gene name synonym)|uniprotkb:T19F6.1(orf name)|uniprotkb:T22A6.20(orf name)|uniprotkb:At4g24190(locus name)|uniprotkb:HSP90-7(gene name),"psi-mi:""MI:0007""(anti tag coimmunoprecipitation)",Fujiwara M. et al.(2014),intact:EBI-9119949|pubmed:24556609|imex:IM-22071,"taxid:3702(arath)|taxid:3702(""Arabidopsis thaliana (Mouse-ear cress)"")","taxid:3702(arath)|taxid:3702(""Arabidopsis thaliana (Mouse-ear cress)"")","psi-mi:""MI:0914""(association)","psi-mi:""MI:0469""(European Bioinformatics Institute)",intact:EBI-9162495|imex:IM-22071-10,intact-miscore:0.35
uniprotkb:Q9ZSD4,uniprotkb:Q9STX5,uniprotkb:F4J7G9|ensemblplants:AT3G11820.1|intact:EBI-4476863|uniprotkb:Q9ZSD4,uniprotkb:Q8VY71|uniprotkb:Q56Y38|uniprotkb:O22972|ensemblplants:AT4G24190.1|intact:EBI-9160701|uniprotkb:Q9STX5,psi-mi:sy121_arath(display_short)|psi-mi:Syntaxin-121(display_long)|uniprotkb:Protein SYNTAXIN OF PLANTS 121(gene name synonym)|uniprotkb:SYR1(gene name synonym)|uniprotkb:Syntaxin-related protein At-Syr1(gene name synonym)|uniprotkb:F26K24.11(orf name)|uniprotkb:At3g11820(locus name)|uniprotkb:SYP121(gene name)|IntAct:SYP121(author assigned name),psi-mi:enpl_arath(display_short)|psi-mi:Endoplasmin homolog(display_long)|uniprotkb:Glucose-regulated protein 94 homolog(gene name synonym)|uniprotkb:Heat shock protein 90-7(gene name synonym)|uniprotkb:Protein SHEPHERD(gene name synonym)|uniprotkb:SHD(gene name synonym)|uniprotkb:T19F6.1(orf name)|uniprotkb:T22A6.20(orf name)|uniprotkb:At4g24190(locus name)|uniprotkb:HSP90-7(gene name),"psi-mi:""MI:0007""(anti tag coimmunoprecipitation)",Fujiwara M. et al.(2014),intact:EBI-9119949|pubmed:24556609|imex:IM-22071,"taxid:3702(arath)|taxid:3702(""Arabidopsis thaliana (Mouse-ear cress)"")","taxid:3702(arath)|taxid:3702(""Arabidopsis thaliana (Mouse-ear cress)"")","psi-mi:""MI:0914""(association)","psi-mi:""MI:0469""(European Bioinformatics Institute)",intact:EBI-9162714|imex:IM-22071-12,intact-miscore:0.35